"No.","Time","Source","Destination","Protocol","Length","Info"
"19","0.075258","192.168.100.5","239.255.255.250","SSDP","175","M-SEARCH * HTTP/1.1 "
"634","7.168211","fe80::1","ff05::c","SSDP","188","M-SEARCH * HTTP/1.1 "
"660","7.475436","fe80::1","ff05::c","SSDP","188","M-SEARCH * HTTP/1.1 "
"675","7.680311","fe80::1","ff02::c","SSDP","188","M-SEARCH * HTTP/1.1 "
"719","7.987486","fe80::1","ff02::c","SSDP","188","M-SEARCH * HTTP/1.1 "
"748","8.294225","192.168.100.1","239.255.255.250","SSDP","174","M-SEARCH * HTTP/1.1 "
"773","8.498981","192.168.100.1","239.255.255.250","SSDP","174","M-SEARCH * HTTP/1.1 "
"822","8.807199","fe80::1","ff05::c","SSDP","189","M-SEARCH * HTTP/1.1 "
"842","9.011656","fe80::1","ff05::c","SSDP","189","M-SEARCH * HTTP/1.1 "
"851","9.318704","fe80::1","ff02::c","SSDP","189","M-SEARCH * HTTP/1.1 "
"864","9.523197","fe80::1","ff02::c","SSDP","189","M-SEARCH * HTTP/1.1 "
"896","9.830589","192.168.100.1","239.255.255.250","SSDP","175","M-SEARCH * HTTP/1.1 "
"931","10.035382","192.168.100.1","239.255.255.250","SSDP","175","M-SEARCH * HTTP/1.1 "
"14069","70.294695","fe80::1","ff05::c","SSDP","188","M-SEARCH * HTTP/1.1 "
"15052","70.654512","fe80::1","ff05::c","SSDP","188","M-SEARCH * HTTP/1.1 "
"15189","70.859772","fe80::1","ff02::c","SSDP","188","M-SEARCH * HTTP/1.1 "
"15261","71.166681","fe80::1","ff02::c","SSDP","188","M-SEARCH * HTTP/1.1 "
"15535","71.371691","192.168.100.1","239.255.255.250","SSDP","174","M-SEARCH * HTTP/1.1 "
"16364","71.678659","192.168.100.1","239.255.255.250","SSDP","174","M-SEARCH * HTTP/1.1 "
"16375","71.882913","fe80::1","ff05::c","SSDP","189","M-SEARCH * HTTP/1.1 "
"16415","72.190366","fe80::1","ff05::c","SSDP","189","M-SEARCH * HTTP/1.1 "
"16435","72.395052","fe80::1","ff02::c","SSDP","189","M-SEARCH * HTTP/1.1 "
"16469","72.702706","fe80::1","ff02::c","SSDP","189","M-SEARCH * HTTP/1.1 "
"16475","72.907634","192.168.100.1","239.255.255.250","SSDP","175","M-SEARCH * HTTP/1.1 "
"16497","73.214428","192.168.100.1","239.255.255.250","SSDP","175","M-SEARCH * HTTP/1.1 "
"17237","82.143304","192.168.100.5","239.255.255.250","SSDP","215","M-SEARCH * HTTP/1.1 "
"17362","83.144167","192.168.100.5","239.255.255.250","SSDP","215","M-SEARCH * HTTP/1.1 "
"17564","84.144274","192.168.100.5","239.255.255.250","SSDP","215","M-SEARCH * HTTP/1.1 "
"17783","85.144314","192.168.100.5","239.255.255.250","SSDP","215","M-SEARCH * HTTP/1.1 "
"32449","133.526293","fe80::1","ff05::c","SSDP","188","M-SEARCH * HTTP/1.1 "
"33723","133.733032","fe80::1","ff05::c","SSDP","188","M-SEARCH * HTTP/1.1 "
"34196","134.038121","fe80::1","ff02::c","SSDP","188","M-SEARCH * HTTP/1.1 "
"34267","134.242983","fe80::1","ff02::c","SSDP","188","M-SEARCH * HTTP/1.1 "
"34286","134.549995","192.168.100.1","239.255.255.250","SSDP","174","M-SEARCH * HTTP/1.1 "
"34300","134.754773","192.168.100.1","239.255.255.250","SSDP","174","M-SEARCH * HTTP/1.1 "
"34308","135.062146","fe80::1","ff05::c","SSDP","189","M-SEARCH * HTTP/1.1 "
"34315","135.267929","fe80::1","ff05::c","SSDP","189","M-SEARCH * HTTP/1.1 "
"34325","135.511000","fe80::1","ff02::c","SSDP","189","M-SEARCH * HTTP/1.1 "
"34333","135.770992","fe80::1","ff02::c","SSDP","189","M-SEARCH * HTTP/1.1 "
"34375","136.030849","192.168.100.1","239.255.255.250","SSDP","175","M-SEARCH * HTTP/1.1 "
"34378","136.291298","192.168.100.1","239.255.255.250","SSDP","175","M-SEARCH * HTTP/1.1 "
"48315","196.568583","fe80::1","ff05::c","SSDP","188","M-SEARCH * HTTP/1.1 "
"48316","196.828126","fe80::1","ff05::c","SSDP","188","M-SEARCH * HTTP/1.1 "
"48317","197.088346","fe80::1","ff02::c","SSDP","188","M-SEARCH * HTTP/1.1 "
"48318","197.348274","fe80::1","ff02::c","SSDP","188","M-SEARCH * HTTP/1.1 "
"48319","197.608708","192.168.100.1","239.255.255.250","SSDP","174","M-SEARCH * HTTP/1.1 "
"48320","197.868108","192.168.100.1","239.255.255.250","SSDP","174","M-SEARCH * HTTP/1.1 "
"48321","198.128396","fe80::1","ff05::c","SSDP","189","M-SEARCH * HTTP/1.1 "
"48332","198.446041","fe80::1","ff05::c","SSDP","189","M-SEARCH * HTTP/1.1 "
"48360","198.651390","fe80::1","ff02::c","SSDP","189","M-SEARCH * HTTP/1.1 "
"48362","198.957992","fe80::1","ff02::c","SSDP","189","M-SEARCH * HTTP/1.1 "
"48363","199.241525","192.168.100.1","239.255.255.250","SSDP","175","M-SEARCH * HTTP/1.1 "
"48364","199.428086","192.168.100.1","239.255.255.250","SSDP","175","M-SEARCH * HTTP/1.1 "
"48370","202.148409","192.168.100.5","239.255.255.250","SSDP","215","M-SEARCH * HTTP/1.1 "
"48380","203.149591","192.168.100.5","239.255.255.250","SSDP","215","M-SEARCH * HTTP/1.1 "
"48382","204.149618","192.168.100.5","239.255.255.250","SSDP","215","M-SEARCH * HTTP/1.1 "
"49720","205.149626","192.168.100.5","239.255.255.250","SSDP","215","M-SEARCH * HTTP/1.1 "
"59127","259.782298","fe80::1","ff05::c","SSDP","188","M-SEARCH * HTTP/1.1 "
"59128","259.987450","fe80::1","ff05::c","SSDP","188","M-SEARCH * HTTP/1.1 "
"59129","260.294201","fe80::1","ff02::c","SSDP","188","M-SEARCH * HTTP/1.1 "
"59130","260.499513","fe80::1","ff02::c","SSDP","188","M-SEARCH * HTTP/1.1 "
"59131","260.806418","192.168.100.1","239.255.255.250","SSDP","174","M-SEARCH * HTTP/1.1 "
"59132","261.010711","192.168.100.1","239.255.255.250","SSDP","174","M-SEARCH * HTTP/1.1 "
"59133","261.318165","fe80::1","ff05::c","SSDP","189","M-SEARCH * HTTP/1.1 "
"59134","261.625647","fe80::1","ff05::c","SSDP","189","M-SEARCH * HTTP/1.1 "
"59135","261.830715","fe80::1","ff02::c","SSDP","189","M-SEARCH * HTTP/1.1 "
"59136","262.137794","fe80::1","ff02::c","SSDP","189","M-SEARCH * HTTP/1.1 "
"59138","262.341861","192.168.100.1","239.255.255.250","SSDP","175","M-SEARCH * HTTP/1.1 "
"59139","262.649339","192.168.100.1","239.255.255.250","SSDP","175","M-SEARCH * HTTP/1.1 "
"76378","322.142171","192.168.100.5","239.255.255.250","SSDP","215","M-SEARCH * HTTP/1.1 "
"76380","322.859241","fe80::1","ff05::c","SSDP","188","M-SEARCH * HTTP/1.1 "
"76381","323.143137","192.168.100.5","239.255.255.250","SSDP","215","M-SEARCH * HTTP/1.1 "
"76382","323.165952","fe80::1","ff05::c","SSDP","188","M-SEARCH * HTTP/1.1 "
"76383","323.371487","fe80::1","ff02::c","SSDP","188","M-SEARCH * HTTP/1.1 "
"76386","323.678840","fe80::1","ff02::c","SSDP","188","M-SEARCH * HTTP/1.1 "
"76389","323.985815","192.168.100.1","239.255.255.250","SSDP","174","M-SEARCH * HTTP/1.1 "
"76390","324.144027","192.168.100.5","239.255.255.250","SSDP","215","M-SEARCH * HTTP/1.1 "
"76391","324.189799","192.168.100.1","239.255.255.250","SSDP","174","M-SEARCH * HTTP/1.1 "
"76392","324.497099","fe80::1","ff05::c","SSDP","189","M-SEARCH * HTTP/1.1 "
"76393","324.702010","fe80::1","ff05::c","SSDP","189","M-SEARCH * HTTP/1.1 "
"76394","325.009367","fe80::1","ff02::c","SSDP","189","M-SEARCH * HTTP/1.1 "
"76395","325.144172","192.168.100.5","239.255.255.250","SSDP","215","M-SEARCH * HTTP/1.1 "
"76396","325.216549","fe80::1","ff02::c","SSDP","189","M-SEARCH * HTTP/1.1 "
"76397","325.521113","192.168.100.1","239.255.255.250","SSDP","175","M-SEARCH * HTTP/1.1 "
"76398","325.725968","192.168.100.1","239.255.255.250","SSDP","175","M-SEARCH * HTTP/1.1 "
"87136","385.990149","fe80::1","ff05::c","SSDP","188","M-SEARCH * HTTP/1.1 "
"87179","386.250300","fe80::1","ff05::c","SSDP","188","M-SEARCH * HTTP/1.1 "
"87180","386.510102","fe80::1","ff02::c","SSDP","188","M-SEARCH * HTTP/1.1 "
"87198","386.769916","fe80::1","ff02::c","SSDP","188","M-SEARCH * HTTP/1.1 "
"87208","387.029797","192.168.100.1","239.255.255.250","SSDP","174","M-SEARCH * HTTP/1.1 "
"87209","387.368832","192.168.100.1","239.255.255.250","SSDP","174","M-SEARCH * HTTP/1.1 "
"87210","387.575168","fe80::1","ff05::c","SSDP","189","M-SEARCH * HTTP/1.1 "
"87211","387.881270","fe80::1","ff05::c","SSDP","189","M-SEARCH * HTTP/1.1 "
"87214","388.086281","fe80::1","ff02::c","SSDP","189","M-SEARCH * HTTP/1.1 "
"87215","388.393273","fe80::1","ff02::c","SSDP","189","M-SEARCH * HTTP/1.1 "
"87217","388.598245","192.168.100.1","239.255.255.250","SSDP","175","M-SEARCH * HTTP/1.1 "
"87228","388.908493","192.168.100.1","239.255.255.250","SSDP","175","M-SEARCH * HTTP/1.1 "
"91882","442.148356","192.168.100.5","239.255.255.250","SSDP","215","M-SEARCH * HTTP/1.1 "
"91892","443.149540","192.168.100.5","239.255.255.250","SSDP","215","M-SEARCH * HTTP/1.1 "
"91894","444.150552","192.168.100.5","239.255.255.250","SSDP","215","M-SEARCH * HTTP/1.1 "
"91896","445.150718","192.168.100.5","239.255.255.250","SSDP","215","M-SEARCH * HTTP/1.1 "
"91905","449.216973","fe80::1","ff05::c","SSDP","188","M-SEARCH * HTTP/1.1 "
"91906","449.424086","fe80::1","ff05::c","SSDP","188","M-SEARCH * HTTP/1.1 "
"91907","449.728945","fe80::1","ff02::c","SSDP","188","M-SEARCH * HTTP/1.1 "
"91908","449.933690","fe80::1","ff02::c","SSDP","188","M-SEARCH * HTTP/1.1 "
"91909","450.166923","192.168.100.1","239.255.255.250","SSDP","174","M-SEARCH * HTTP/1.1 "
"91910","450.426930","192.168.100.1","239.255.255.250","SSDP","174","M-SEARCH * HTTP/1.1 "
"91911","450.687059","fe80::1","ff05::c","SSDP","189","M-SEARCH * HTTP/1.1 "
"91912","450.947048","fe80::1","ff05::c","SSDP","189","M-SEARCH * HTTP/1.1 "
"91915","451.264864","fe80::1","ff02::c","SSDP","189","M-SEARCH * HTTP/1.1 "
"91918","451.470633","fe80::1","ff02::c","SSDP","189","M-SEARCH * HTTP/1.1 "
"91929","451.776737","192.168.100.1","239.255.255.250","SSDP","175","M-SEARCH * HTTP/1.1 "
"91930","452.010898","192.168.100.1","239.255.255.250","SSDP","175","M-SEARCH * HTTP/1.1 "
"91973","463.778047","192.168.100.5","239.255.255.250","SSDP","175","M-SEARCH * HTTP/1.1 "
"91993","466.778466","192.168.100.5","239.255.255.250","SSDP","175","M-SEARCH * HTTP/1.1 "
"92003","469.779066","192.168.100.5","239.255.255.250","SSDP","175","M-SEARCH * HTTP/1.1 "
"92005","472.796872","192.168.100.5","239.255.255.250","SSDP","175","M-SEARCH * HTTP/1.1 "
"92040","475.796732","192.168.100.5","239.255.255.250","SSDP","175","M-SEARCH * HTTP/1.1 "
"93941","478.796731","192.168.100.5","239.255.255.250","SSDP","175","M-SEARCH * HTTP/1.1 "
